strategy,refiner,GCD,f1, 
Chain-of-Thought,GPT-3.5-Turbo,False,0.5189130887156941, 
LogicLM,GPT-3.5-Turbo,False,0.6245893142345661, 
GGLLM,GPT-3.5-Turbo,False,0.6003316099536922, 
GGLLM,Llama 2 7b,False,0.6151070318532162, 
GGLLM,Llama 2 7b,True,0.5754710735003015, 
GGLLM,Llama 2 7b (fine-tuned),False,0.6194177641151528, 
GGLLM,Llama 2 7b (fine-tuned),True,0.5773725092822953, 
GGLLM,Llama 2 13b,False,0.619637503561445, 
GGLLM,Llama 2 13b,True,0.6012581125813935, 
GGLLM,Llama 2 13b (fine-tuned),False,0.6271202958869092, 
GGLLM,Llama 2 13b (fine-tuned),True,0.5798660927699965, 
GGLLM,Llama 3 8b,False,0.6175466176891375, 
GGLLM,Llama 3 8b,True,0.5859609098760298, 
GGLLM,Llama 3 8b (fine-tuned),False,0.6148337496239629, 
GGLLM,Llama 3 8b (fine-tuned),True,0.6103563759250231, 
Chain-of-Thought,GPT-4o,False,0.716094898101639
LogicLM,GPT-4o,False,0.7138415892672859
GGLLM,GPT-4o,False,0.7528349649906714
GGLLM,Llama 2 7b,False,0.7339425002185829
GGLLM,Llama 2 7b,True,0.7251715952571747
GGLLM,Llama 2 7b (fine-tuned),False,0.7377554007578723
GGLLM,Llama 2 7b (fine-tuned),True,0.7329618241832542
GGLLM,Llama 2 13b,False,0.7388452124639112
GGLLM,Llama 2 13b,True,0.7312675800003566
GGLLM,Llama 2 13b (fine-tuned),False,0.7424249774768636
GGLLM,Llama 2 13b (fine-tuned),True,0.7316138582637904
GGLLM,Llama 3 8b,False,0.7428280938333668
GGLLM,Llama 3 8b,True,0.7123252637168971
GGLLM,Llama 3 8b (fine-tuned),False,0.7408111509570978
GGLLM,Llama 3 8b (fine-tuned),True,0.7306824636881148
