{
  "gemma2-2b-it": {
    "CONSTRAINED": {
      "accuracy": 0.23039215686274508,
      "coverage": 0.7009803921568627
    },
    "JSON": {
      "accuracy": 0.024509803921568627,
      "coverage": 0.06862745098039216
    },
    "UNCONSTRAINED": {
      "accuracy": 0.024509803921568627,
      "coverage": 0.10294117647058823
    }
  },
  "gemma2-9b-it": {
    "CONSTRAINED": {
      "accuracy": 0.4803921568627451,
      "coverage": 0.9019607843137255
    },
    "JSON": {
      "accuracy": 0.12254901960784313,
      "coverage": 0.15196078431372548
    },
    "UNCONSTRAINED": {
      "accuracy": 0.21568627450980393,
      "coverage": 0.39215686274509803
    }
  },
  "gemma2-27b-it": {
    "CONSTRAINED": {
      "accuracy": 0.4852941176470588,
      "coverage": 0.9313725490196079
    },
    "JSON": {
      "accuracy": 0.24019607843137256,
      "coverage": 0.37745098039215685
    },
    "UNCONSTRAINED": {
      "accuracy": 0.39215686274509803,
      "coverage": 0.6666666666666666
    }
  },
  "llama3.2-1b-it": {
    "CONSTRAINED": {
      "accuracy": 0.17989417989417988,
      "coverage": 0.4497354497354497
    },
    "JSON": {
      "accuracy": 0.0,
      "coverage": 0.0
    },
    "UNCONSTRAINED": {
      "accuracy": 0.0,
      "coverage": 0.0
    }
  },
  "llama3.2-3b-it": {
    "CONSTRAINED": {
      "accuracy": 0.20588235294117646,
      "coverage": 0.6372549019607843
    },
    "JSON": {
      "accuracy": 0.0,
      "coverage": 0.0
    },
    "UNCONSTRAINED": {
      "accuracy": 0.0,
      "coverage": 0.0
    }
  },
  "llama3.1-8b-it": {
    "CONSTRAINED": {
      "accuracy": 0.28431372549019607,
      "coverage": 0.7549019607843137
    },
    "JSON": {
      "accuracy": 0.00980392156862745,
      "coverage": 0.00980392156862745
    },
    "UNCONSTRAINED": {
      "accuracy": 0.004901960784313725,
      "coverage": 0.004901960784313725
    }
  },
  "llama3.1-70b-it": {
    "CONSTRAINED": {
      "accuracy": 0.39215686274509803,
      "coverage": 0.8431372549019608
    },
    "JSON": {
      "accuracy": 0.10294117647058823,
      "coverage": 0.21568627450980393
    },
    "UNCONSTRAINED": {
      "accuracy": 0.16666666666666666,
      "coverage": 0.27941176470588236
    }
  },
  "ministral-8b-it": {
    "CONSTRAINED": {
      "accuracy": 0.38235294117647056,
      "coverage": 0.9411764705882353
    },
    "JSON": {
      "accuracy": 0.11764705882352941,
      "coverage": 0.17647058823529413
    },
    "UNCONSTRAINED": {
      "accuracy": 0.08823529411764706,
      "coverage": 0.17647058823529413
    }
  },
  "mistral-22b-it": {
    "CONSTRAINED": {
      "accuracy": 0.4117647058823529,
      "coverage": 0.8431372549019608
    },
    "JSON": {
      "accuracy": 0.1715686274509804,
      "coverage": 0.3088235294117647
    },
    "UNCONSTRAINED": {
      "accuracy": 0.19117647058823528,
      "coverage": 0.35294117647058826
    }
  },
  "qwen2.5-0.5b-it": {
    "CONSTRAINED": {
      "accuracy": 0.12745098039215685,
      "coverage": 0.35294117647058826
    },
    "JSON": {
      "accuracy": 0.0,
      "coverage": 0.004901960784313725
    },
    "UNCONSTRAINED": {
      "accuracy": 0.0,
      "coverage": 0.0
    }
  },
  "qwen2.5-1.5b-it": {
    "CONSTRAINED": {
      "accuracy": 0.19607843137254902,
      "coverage": 0.553921568627451
    },
    "JSON": {
      "accuracy": 0.004901960784313725,
      "coverage": 0.004901960784313725
    },
    "UNCONSTRAINED": {
      "accuracy": 0.004901960784313725,
      "coverage": 0.00980392156862745
    }
  },
  "qwen2.5-14b-it": {
    "CONSTRAINED": {
      "accuracy": 0.25625,
      "coverage": 0.625
    },
    "JSON": {
      "accuracy": 0.15,
      "coverage": 0.2625
    },
    "UNCONSTRAINED": {
      "accuracy": 0.15,
      "coverage": 0.3
    }
  },
  "qwen2.5-3b-it": {
    "CONSTRAINED": {
      "accuracy": 0.27941176470588236,
      "coverage": 0.7549019607843137
    },
    "JSON": {
      "accuracy": 0.014705882352941176,
      "coverage": 0.05392156862745098
    },
    "UNCONSTRAINED": {
      "accuracy": 0.014705882352941176,
      "coverage": 0.03431372549019608
    }
  },
  "qwen2.5-7b-it": {
    "CONSTRAINED": {
      "accuracy": 0.3333333333333333,
      "coverage": 0.7156862745098039
    },
    "JSON": {
      "accuracy": 0.15196078431372548,
      "coverage": 0.30392156862745096
    },
    "UNCONSTRAINED": {
      "accuracy": 0.2107843137254902,
      "coverage": 0.3431372549019608
    }
  },
  "qwen2.5-32b-it": {
    "CONSTRAINED": {
      "accuracy": 0.3382352941176471,
      "coverage": 0.6421568627450981
    },
    "JSON": {
      "accuracy": 0.3382352941176471,
      "coverage": 0.5931372549019608
    },
    "UNCONSTRAINED": {
      "accuracy": 0.19117647058823528,
      "coverage": 0.38235294117647056
    }
  }
}