sketcher,refiner,load\_dir,raw\_f1,raw\_num,fine\_f1,fine\_num,grammar\_f1,grammar\_num,grammar\_fine\_f1,grammar\_fine\_num,backup\_f1,backup\_num,random\_f1,random\_num,manual\_f1,manual\_num
gpt-3.5-turbo,llama-2-7b,outputs/outputs_1,0.21653917081738852,1500,0.23335138387033055,61,0.11643521200830742,124,0.11517715494447382,122,0.3223652396512622,231,0.3222077833251714,1500,0.19077502218691925,124
gpt-3.5-turbo,llama-2-7b,outputs/outputs_2,0.2130681235578473,1500,0.2536510617005973,57,0.12698412698412698,112,0.17104437331324923,113,0.2936145641836109,222,0.33311563333112565,1500,0.17585041747672794,115
gpt-3.5-turbo,llama-2-7b,outputs/outputs_3,0.21045001754221615,1500,0.2507002801120448,68,0.16489789464172763,119,0.16319069563309194,120,0.31437227593312295,227,0.3385184111150544,1500,0.22662951705504897,120
gpt-3.5-turbo,llama-2-13b,outputs/outputs_1,0.2165873257431891,1500,0.2522067747986318,53,0.11350844277673545,123,0.11027848101265823,125,0.3231559792475996,231,0.3384476234932114,1500,0.18606355592656962,126
gpt-3.5-turbo,llama-2-13b,outputs/outputs_2,0.21331162752632382,1500,0.22201328083681027,52,0.14454877824245774,114,0.1453234265734266,112,0.29126582702485426,220,0.35030498376363606,1500,0.17585041747672794,115
gpt-3.5-turbo,llama-2-13b,outputs/outputs_3,0.21025236740290904,1500,0.17559413211587124,63,0.16031962082090298,121,0.16724639955364926,121,0.3146598134876692,229,0.34388183371412334,1500,0.2309831959019845,121
gpt-3.5-turbo,llama-3-8b,outputs/outputs_1,0.2186358480460418,1500,0.2600071122618591,64,0.18284199437775875,124,0.14251382438190582,122,0.32440186864852294,231,0.3145305157540751,1500,0.18186713286713285,125
gpt-3.5-turbo,llama-3-8b,outputs/outputs_2,0.21390239544535478,1500,0.22266666666666668,50,0.13831041806393918,112,0.13618829548033087,113,0.291257815265921,219,0.33864638345532583,1500,0.17585041747672794,115
gpt-3.5-turbo,llama-3-8b,outputs/outputs_3,0.21222321506419262,1500,0.20137847742795267,58,0.17522216946842956,121,0.17188480990582491,122,0.3237990824930447,227,0.31593741800735076,1500,0.2309831959019845,121
