sketcher,refiner,load\_dir,raw\_f1,raw\_num,fine\_f1,fine\_num,grammar\_f1,grammar\_num,grammar\_fine\_f1,grammar\_fine\_num,backup\_f1,backup\_num,random\_f1,random\_num,manual\_f1,manual\_num
gpt-3.5-turbo,llama-2-7b,outputs/outputs_1,0.5046417427369808,203,0.0,1,0.27463445645263823,22,0.24175824175824176,24,0.6407407407407407,60,0.32619141326113565,203,0.19308632543926665,28
gpt-3.5-turbo,llama-2-7b,outputs/outputs_2,0.4751465881431131,203,0.3333333333333333,2,0.24294871794871797,24,0.20804195804195805,24,0.5516406890894175,53,0.3350989863296749,203,0.19308632543926665,28
gpt-3.5-turbo,llama-2-7b,outputs/outputs_3,0.5062378858708192,203,1.0,2,0.2934782608695652,24,0.24819624819624816,27,0.5332423104638374,54,0.2898346539492068,203,0.19308632543926665,28
